timestamp,run_id,model_name,model_config,target,n_features,n_train,n_test,epoch_count,train_time_sec,inference_time_sec,mae,rmse,r2,mape_pct,acc_5_pct,acc_10_pct,acc_20_pct,direction_acc_pct,precision,recall,f1,tp,fp,fn,tn,best_epoch,best_test_error_pct,related_train_error_pct,notes
2026-07-26 23:30:30,20260724_223019,LinearRegression,fit_intercept=True,exam_score,30,16000,4000,1,0.057000,0.013843,7.992419,9.953977,0.724230,14.875623,24.075000,45.700000,76.550000,84.650000,0.848394,0.844156,0.846269,1690,302,312,1696,,,,
2026-07-26 23:30:30,20260724_223019,KNN(k=5),"k=5,weights=distance",exam_score,30,16000,4000,1,0.040400,0.172693,9.313424,11.669453,0.620987,17.621879,21.275000,41.425000,70.375000,81.775000,0.815568,0.821678,0.818612,1645,372,357,1626,,,,
2026-07-26 23:30:30,20260724_223019,KNN(k=10),"k=10,weights=distance",exam_score,30,16000,4000,1,0.038200,0.152823,8.990831,11.207646,0.650392,17.111370,21.725000,41.675000,72.450000,82.275000,0.816756,0.832667,0.824635,1667,374,335,1624,,,,
2026-07-26 23:30:30,20260724_223019,RandomForest,"n_estimators=100,max_depth=None,min_samples_leaf=1",exam_score,30,16000,4000,100,2.402000,0.057476,8.406893,10.447657,0.696198,15.724003,23.075000,44.625000,74.750000,84.150000,0.839623,0.844655,0.842131,1691,323,311,1675,,,,feature_importances available
2026-07-26 23:30:30,20260724_223019,XGBoost,"backend=xgboost,n_estimators=300,max_depth=6,lr=0.05,subsample=0.8",exam_score,30,16000,4000,300,0.613200,0.020277,8.1645355,10.179868,0.71157205,15.211886,23.850000,45.275000,75.300000,84.050000,0.840319,0.841159,0.840739,1684,320,318,1678,,,,backend=xgboost
2026-07-26 23:30:30,20260724_223019,MLP,"layers=[128, 64, 32],act=relu,lr=0.001,max_iter=500,early_stopping=True",exam_score,30,16000,4000,26,3.376900,0.010565,8.252786,10.285019,0.705583,15.543166,23.775000,45.200000,75.450000,84.050000,0.854102,0.821678,0.837576,1645,281,357,1717,,,,actual_iters=26
2026-07-26 23:30:30,20260724_223019,SegmentHandler,"max_x=5,dim=2,conn=0.1,density=0.8",exam_score,30,16000,4000,20,362.247100,1.408630,14.473226,17.720349,0.126028,27.587769,12.900000,25.750000,49.850000,59.525000,0.619166,0.497003,0.551399,995,612,1007,1386,19,27.6381,7.2358,"max_x=5,dim=2,lr_mode=manual-full,pred_range=auto,grad_clip=auto,delta_clip=auto,reconnect_pct=0.005"
2026-07-26 23:30:30,20260724_223019,SegmentHandler,"max_x=10,dim=2,conn=0.1,density=0.8",exam_score,30,16000,4000,20,2236.092900,9.720122,10.527472,12.985097,0.530708,20.000267,18.050000,35.400000,64.950000,78.625000,0.740260,0.882617,0.805195,1767,620,235,1378,20,19.5726,17.8470,"max_x=10,dim=2,lr_mode=manual-full,pred_range=auto,grad_clip=auto,delta_clip=auto,reconnect_pct=0.005"
2026-07-26 23:30:30,20260724_223019,SegmentHandler,"max_x=15,dim=2,conn=0.1,density=0.8",exam_score,30,16000,4000,20,6224.873700,31.248155,10.592908,12.998184,0.529761,19.703886,17.275000,34.700000,63.975000,79.425000,0.746344,0.892108,0.812742,1786,607,216,1391,19,19.4462,2.9354,"max_x=15,dim=2,lr_mode=manual-full,pred_range=auto,grad_clip=auto,delta_clip=auto,reconnect_pct=0.005"
2026-07-26 23:30:30,20260724_223019,SegmentHandler,"max_x=20,dim=2,conn=0.1,density=0.8",exam_score,30,16000,4000,20,13263.511900,75.513805,13.392500,16.592149,0.233771,25.185556,14.550000,28.025000,53.450000,70.000000,0.647644,0.878621,0.745655,1759,957,243,1041,16,25.0275,12.8016,"max_x=20,dim=2,lr_mode=manual-full,pred_range=auto,grad_clip=auto,delta_clip=auto,reconnect_pct=0.005"
2026-07-26 23:30:30,20260724_223019,SegmentHandler,"max_x=25,dim=2,conn=0.1,density=0.8",exam_score,30,16000,4000,20,26241.169200,159.831892,15.826524,19.247779,-0.031132,30.068115,10.875000,23.225000,45.250000,50.425000,0.550265,0.051948,0.094934,104,85,1898,1913,16,29.9965,11.5793,"max_x=25,dim=2,lr_mode=manual-full,pred_range=auto,grad_clip=auto,delta_clip=auto,reconnect_pct=0.005"
2026-07-26 23:30:30,20260724_223019,SystemHandler,"max_x=5,dim=2,conn=0.1,density=0.8,mode=partitioned,agg=bma",exam_score,30,16000,4000,20,472.709700,36.286174,14.540336,17.714536,0.126601,27.625486,12.925000,25.175000,49.600000,61.475000,0.632547,0.549451,0.588078,1100,639,902,1359,,,,"max_x=5,dim=2,segments=4,mode=partitioned,lr_mode=manual-full,pred_range=auto,grad_clip=auto,delta_clip=auto,reconnect_pct=0.005"
2026-07-26 23:30:30,20260724_223019,SystemHandler,"max_x=5,dim=2,conn=0.1,density=0.8,mode=partitioned,agg=simple_mean",exam_score,30,16000,4000,20,470.959500,36.146098,14.037030,17.077322,0.188306,27.041970,13.475000,26.025000,50.675000,64.275000,0.648062,0.626374,0.637033,1254,681,748,1317,,,,"max_x=5,dim=2,segments=4,mode=partitioned,lr_mode=manual-full,pred_range=auto,grad_clip=auto,delta_clip=auto,reconnect_pct=0.005"
2026-07-26 23:30:30,20260724_223019,SystemHandler,"max_x=5,dim=2,conn=0.1,density=0.8,mode=partitioned,agg=relevance_weighted",exam_score,30,16000,4000,20,469.871100,36.109390,14.126123,17.197515,0.176840,27.177122,13.325000,26.025000,50.650000,63.625000,0.641490,0.619381,0.630241,1240,693,762,1305,,,,"max_x=5,dim=2,segments=4,mode=partitioned,lr_mode=manual-full,pred_range=auto,grad_clip=auto,delta_clip=auto,reconnect_pct=0.005"
2026-07-26 23:30:30,20260724_223019,SystemHandler,"max_x=10,dim=2,conn=0.1,density=0.8,mode=partitioned,agg=bma",exam_score,30,16000,4000,20,2007.169000,48.992779,9.343913,11.565986,0.627678,17.029477,19.500000,39.475000,70.775000,81.525000,0.800000,0.841159,0.820063,1684,421,318,1577,,,,"max_x=10,dim=2,segments=4,mode=partitioned,lr_mode=manual-full,pred_range=auto,grad_clip=auto,delta_clip=auto,reconnect_pct=0.005"
2026-07-26 23:30:30,20260724_223019,SystemHandler,"max_x=10,dim=2,conn=0.1,density=0.8,mode=partitioned,agg=simple_mean",exam_score,30,16000,4000,20,2001.237700,49.007285,9.210550,11.378408,0.639657,17.071665,19.750000,40.025000,71.800000,81.850000,0.795370,0.858142,0.825565,1718,442,284,1556,,,,"max_x=10,dim=2,segments=4,mode=partitioned,lr_mode=manual-full,pred_range=auto,grad_clip=auto,delta_clip=auto,reconnect_pct=0.005"
2026-07-26 23:30:30,20260724_223019,SystemHandler,"max_x=10,dim=2,conn=0.1,density=0.8,mode=partitioned,agg=relevance_weighted",exam_score,30,16000,4000,20,1999.828000,48.947881,9.117541,11.280049,0.645860,16.877591,19.975000,41.100000,72.225000,82.625000,0.803248,0.864635,0.832812,1731,424,271,1574,,,,"max_x=10,dim=2,segments=4,mode=partitioned,lr_mode=manual-full,pred_range=auto,grad_clip=auto,delta_clip=auto,reconnect_pct=0.005"
2026-07-26 23:30:30,20260724_223019,SystemHandler,"max_x=15,dim=2,conn=0.1,density=0.8,mode=partitioned,agg=bma",exam_score,30,16000,4000,20,5242.986700,83.002021,9.500184,11.795731,0.612740,16.996333,19.650000,38.200000,69.300000,82.025000,0.795214,0.863137,0.827784,1728,445,274,1553,,,,"max_x=15,dim=2,segments=4,mode=partitioned,lr_mode=manual-full,pred_range=auto,grad_clip=auto,delta_clip=auto,reconnect_pct=0.005"
2026-07-26 23:30:30,20260724_223019,SystemHandler,"max_x=15,dim=2,conn=0.1,density=0.8,mode=partitioned,agg=simple_mean",exam_score,30,16000,4000,20,5234.690000,83.019521,9.458310,11.729261,0.617092,17.076428,19.600000,39.125000,69.400000,82.100000,0.793339,0.868631,0.829280,1739,453,263,1545,,,,"max_x=15,dim=2,segments=4,mode=partitioned,lr_mode=manual-full,pred_range=auto,grad_clip=auto,delta_clip=auto,reconnect_pct=0.005"
2026-07-26 23:30:30,20260724_223019,SystemHandler,"max_x=15,dim=2,conn=0.1,density=0.8,mode=partitioned,agg=relevance_weighted",exam_score,30,16000,4000,20,5237.211600,82.988025,9.398596,11.669491,0.620985,16.948589,20.100000,38.700000,69.925000,82.600000,0.795475,0.878122,0.834758,1758,452,244,1546,,,,"max_x=15,dim=2,segments=4,mode=partitioned,lr_mode=manual-full,pred_range=auto,grad_clip=auto,delta_clip=auto,reconnect_pct=0.005"
2026-07-26 23:30:30,20260724_223019,SystemHandler,"max_x=20,dim=2,conn=0.1,density=0.8,mode=partitioned,agg=bma",exam_score,30,16000,4000,20,11298.990500,154.196391,11.783961,14.661939,0.401677,21.525412,15.700000,31.550000,59.925000,77.325000,0.725031,0.881119,0.795490,1764,669,238,1329,,,,"max_x=20,dim=2,segments=4,mode=partitioned,lr_mode=manual-full,pred_range=auto,grad_clip=auto,delta_clip=auto,reconnect_pct=0.005"
2026-07-26 23:30:30,20260724_223019,SystemHandler,"max_x=20,dim=2,conn=0.1,density=0.8,mode=partitioned,agg=simple_mean",exam_score,30,16000,4000,20,11288.081900,154.264203,11.712322,14.532384,0.412204,21.405594,15.900000,31.725000,59.950000,78.800000,0.747215,0.871129,0.804428,1744,590,258,1408,,,,"max_x=20,dim=2,segments=4,mode=partitioned,lr_mode=manual-full,pred_range=auto,grad_clip=auto,delta_clip=auto,reconnect_pct=0.005"
2026-07-26 23:30:30,20260724_223019,SystemHandler,"max_x=20,dim=2,conn=0.1,density=0.8,mode=partitioned,agg=relevance_weighted",exam_score,30,16000,4000,20,11338.274400,154.179268,11.584498,14.388733,0.423767,21.155844,16.325000,32.225000,60.425000,79.475000,0.744919,0.897103,0.813959,1796,615,206,1383,,,,"max_x=20,dim=2,segments=4,mode=partitioned,lr_mode=manual-full,pred_range=auto,grad_clip=auto,delta_clip=auto,reconnect_pct=0.005"
2026-07-26 23:30:30,20260724_223019,SystemHandler,"max_x=25,dim=2,conn=0.1,density=0.8,mode=partitioned,agg=bma",exam_score,30,16000,4000,20,22962.609700,307.806607,14.279429,17.476780,0.149888,26.662279,12.375000,25.225000,49.575000,57.525000,0.688667,0.276224,0.394296,553,250,1449,1748,,,,"max_x=25,dim=2,segments=4,mode=partitioned,lr_mode=manual-full,pred_range=auto,grad_clip=auto,delta_clip=auto,reconnect_pct=0.005"
2026-07-26 23:30:30,20260724_223019,SystemHandler,"max_x=25,dim=2,conn=0.1,density=0.8,mode=partitioned,agg=simple_mean",exam_score,30,16000,4000,20,22917.695900,307.928801,14.087632,17.216782,0.174994,26.502919,12.350000,25.950000,50.550000,61.125000,0.702262,0.387612,0.499517,776,329,1226,1669,,,,"max_x=25,dim=2,segments=4,mode=partitioned,lr_mode=manual-full,pred_range=auto,grad_clip=auto,delta_clip=auto,reconnect_pct=0.005"
2026-07-26 23:30:30,20260724_223019,SystemHandler,"max_x=25,dim=2,conn=0.1,density=0.8,mode=partitioned,agg=relevance_weighted",exam_score,30,16000,4000,20,22951.420100,307.840219,13.873245,16.982065,0.197336,26.004605,12.900000,26.350000,50.900000,61.225000,0.688388,0.411588,0.515161,824,373,1178,1625,,,,"max_x=25,dim=2,segments=4,mode=partitioned,lr_mode=manual-full,pred_range=auto,grad_clip=auto,delta_clip=auto,reconnect_pct=0.005"
